{"facial_emotion_distribution": "{'Angry': 0, 'Sad': 0, 'Neutral': 0, 'Surprise': 0, 'Fear': 0, 'Happy': 0}", "wpm": [[15, 3.9969029426574707], [14, 4.098594903945923], [14, 4.100247859954834], [14, 4.102082967758179], [13, 4.403886079788208], [13, 4.4094929695129395], [26, 4.592691898345947], [26, 4.597784996032715], [24, 4.888103008270264], [24, 4.913676023483276], [12, 4.919918060302734], [11, 5.047443866729736], [11, 5.2611000537872314], [11, 5.386596918106079], [10, 5.544651985168457], [21, 5.549683094024658], [21, 5.697825908660889], [21, 5.712629079818726], [19, 6.0143349170684814], [19, 6.026472091674805], [19, 6.031185865402222], [19, 6.2030348777771], [28, 6.2097930908203125], [28, 6.348739862442017], [27, 6.499980926513672], [33, 7.165040016174316], [31, 7.580250024795532], [31, 7.641680955886841], [30, 7.814039945602417], [36, 8.314724922180176], [25, 11.893217086791992], [28, 12.53187108039856], [28, 12.701626062393188], [27, 12.99744200706482], [27, 13.016963958740234], [27, 13.1996169090271], [40, 13.323806047439575], [44, 13.537018060684204], [47, 13.846860885620117], [47, 13.997822046279907], [49, 14.501049995422363], [45, 15.817135095596313], [45, 15.830044031143188], [45, 15.93852186203003], [44, 16.08185386657715], [47, 16.59058904647827], [45, 17.263221979141235], [3, 17.726875066757202], [3, 17.859071016311646], [3, 17.889333963394165], [3, 17.897329092025757], [6, 18.194225072860718], [6, 18.526793956756592], [6, 19.043418884277344], [6, 19.824976921081543], [8, 20.322813034057617], [7, 23.871443033218384], [2, 25.170314073562622], [2, 25.204164028167725], [2, 25.347251892089844], [2, 25.674185037612915], [2, 25.987748861312866], [2, 26.479472875595093], [2, 29.427496910095215], [2, 29.553884029388428], [2, 29.6999249458313], [2, 29.724008083343506], [3, 30.8388409614563]], "eye_contact_freq": 0.0, "top_strong_words": [["accelerated", 6], ["accomplished", 1], ["achieved", 0]]}